{"cameraMode":{"drawMode":0,"name":"Shaded","section":"Shading Mode"},"sceneLighting":true,"audioPlay":false,"sceneViewState":{"m_AlwaysRefresh":false,"showFog":true,"showSkybox":true,"showFlares":true,"showImageEffects":true,"showParticleSystems":true,"showVisualEffectGraphs":true,"m_FxEnabled":true},"in2DMode":false,"pivot":{"x":258.6604309082031,"y":134.05934143066407,"z":190.8897247314453},"rotation":{"x":0.1864737570285797,"y":-0.002878697356209159,"z":0.000523076974786818,"w":0.9824564456939697},"size":411.7535705566406,"orthographic":false}