{"cameraMode":{"drawMode":0,"name":"Shaded","section":"Shading Mode"},"sceneLighting":false,"audioPlay":false,"sceneViewState":{"m_AlwaysRefresh":false,"showFog":true,"showSkybox":false,"showFlares":true,"showImageEffects":true,"showParticleSystems":true,"showVisualEffectGraphs":true,"m_FxEnabled":true},"in2DMode":false,"pivot":{"x":1.6813549995422364,"y":1.4319497346878052,"z":-0.45918816328048708},"rotation":{"x":0.3450993597507477,"y":0.12199388444423676,"z":-0.0452919602394104,"w":0.9295022487640381},"size":0.4330126941204071,"orthographic":false}