{"cameraMode":{"drawMode":0,"name":"Shaded","section":"Shading Mode"},"sceneLighting":true,"audioPlay":false,"sceneViewState":{"m_AlwaysRefresh":false,"showFog":true,"showSkybox":true,"showFlares":true,"showImageEffects":true,"showParticleSystems":true,"showVisualEffectGraphs":true,"m_FxEnabled":true},"in2DMode":false,"pivot":{"x":2.6976242065429689,"y":4.940608978271484,"z":0.7087211608886719},"rotation":{"x":-0.16663220524787904,"y":-0.4403086006641388,"z":0.08355116099119187,"w":-0.8783008456230164},"size":14.142135620117188,"orthographic":true}